Date,SP500,SP500 Ret,Port Ret,Rolling_beta_1_week,Rolling_beta_2_week,Rolling_1_month
2018-03-21,2711.929932,-0.000801574,0.023351281,,,
2018-03-22,2643.689941,-0.011067946,0.021540182,,,
2018-03-23,2588.26001,-0.009202616,-0.017623245,,,
2018-03-26,2658.550049,0.011636938,-0.039064167,,,
2018-03-27,2612.620117,-0.007568574,-0.010247973,,,
2018-03-28,2605,-0.001268539,0.019584649,,,
2018-03-29,2640.870117,0.005939315,0.021143872,,,
2018-04-02,2581.879883,-0.009811009,0.000463369,,,
2018-04-03,2614.449951,0.005444299,0.019049402,-0.08639912,,
2018-04-04,2644.689941,0.004994431,0.006471159,-0.062671308,,
2018-04-05,2662.840088,0.002970323,0.024462318,0.005470326,,
2018-04-06,2604.469971,-0.009625732,0.012148471,-0.042114296,,
2018-04-09,2613.159912,0.001446633,-0.007407246,0.367977125,,
2018-04-10,2656.870117,0.007204337,0.008010985,0.198713184,,
2018-04-11,2642.189941,-0.002406289,0.016259578,0.204758433,,
2018-04-12,2663.98999,0.003568554,-0.017595956,0.124701547,-0.042124406,
2018-04-13,2656.300049,-0.001255458,0.023234682,-0.049190736,-0.05978684,
2018-04-16,2677.840088,0.003507509,-0.011378658,-0.102883837,-0.024184165,
2018-04-17,2706.389893,0.004605724,0.003404047,-0.109982505,-0.080399636,
2018-04-18,2708.639893,0.000360908,-0.032769141,-0.173639152,0.037796359,
2018-04-19,2693.129883,-0.002493972,0.01652985,-0.033793207,-0.005350021,
2018-04-20,2670.139893,-0.003723284,4.68E-05,-0.06009517,-0.007131658,
2018-04-23,2670.290039,2.44E-05,0.014603718,-0.079933593,-0.025875535,
2018-04-24,2634.560059,-0.005850332,-0.025493308,-0.06544331,-0.038448594,
2018-04-25,2639.399902,0.000797093,0.014451031,0.012438038,-0.007140868,
2018-04-26,2666.939941,0.004508039,0.068253788,0.030482638,-0.009588118,
2018-04-27,2669.909912,0.000483372,-0.019330813,0.066764657,0.022897302,
2018-04-30,2648.050049,-0.003570419,-0.015908079,0.059406649,0.030197959,
2018-05-01,2654.800049,0.001105628,0.006121032,0.086029753,0.039204716,
2018-05-02,2635.669922,-0.003140797,0.003292632,0.090169175,0.035475486,0.008848403
2018-05-03,2629.72998,-0.000979863,-0.016461638,0.088749101,0.039702821,0.009838935
2018-05-04,2663.419922,0.005528486,-0.015207741,0.084028297,0.050035279,0.026206882
2018-05-07,2672.629883,0.001499176,-0.021393576,0.046977504,0.043858099,0.004999732
2018-05-08,2671.919922,-0.000115382,0.001086818,0.041209997,0.042987794,0.042745042
2018-05-09,2697.790039,0.004184709,0.024570883,-0.055009629,0.040431861,0.034600664
2018-05-10,2723.070068,0.00405067,0.013249225,0.043551056,0.058563608,0.043027017
2018-05-11,2727.719971,0.000740967,0.014924518,0.033576857,0.069143169,0.03856373
2018-05-14,2730.129883,0.000383525,-0.020699727,0.025908606,0.067020654,0.035626909
2018-05-15,2711.449951,-0.002981716,-0.003630073,0.041659735,0.065811577,0.029203947
2018-05-16,2722.459961,0.001759909,-0.012663966,0.031000858,0.051519915,0.029236982
2018-05-17,2720.129883,-0.00037186,0.012218605,0.058908848,0.049898311,0.023288588
2018-05-18,2712.969971,-0.001144655,-0.001385396,0.070157855,0.035928191,0.032238543
2018-05-21,2733.01001,0.003196236,-0.001763432,0.073899902,0.038318951,0.033322835
2018-05-22,2724.439941,-0.001363984,0.004028205,0.031658909,0.018951577,0.028712621
2018-05-23,2733.290039,0.00140848,0.0126314,-0.022519365,0.01413153,0.032678576
2018-05-24,2727.76001,-0.000879561,-0.007703114,-0.015773123,0.021730826,0.039368132
2018-05-25,2721.330078,-0.001024936,-0.013423731,-0.001606855,0.01646827,0.045370212
2018-05-29,2689.860107,-0.005051528,0.00964694,0.004904723,0.053239527,0.050179002
2018-05-30,2724.01001,0.005479005,0.010424542,-0.023813246,0.053433914,0.044048981
2018-05-31,2705.27002,-0.00299808,0.021532831,0.060065332,0.069786417,0.055159153
2018-06-01,2734.620117,0.004686385,-0.015739779,-0.025361708,0.004850598,0.051963595
2018-06-04,2746.870117,0.00194112,-0.022948999,-0.07692537,-0.049969523,0.042366554
2018-06-05,2748.800049,0.000305025,0.000641815,-0.072847107,-0.064098364,0.037974086
2018-06-06,2772.350098,0.003704923,-0.008036972,-0.090397109,-0.073386751,0.024058804
2018-06-07,2770.370117,-0.000310279,0.002987204,-0.106111003,-0.087239339,0.021569856
2018-06-08,2779.030029,0.001355446,-0.001255912,-0.134489714,-0.087541643,-0.010624015
2018-06-11,2782,0.000463886,0.010169503,-0.096943752,-0.088921629,-0.011588708
2018-06-12,2786.850098,0.000756483,-0.009606624,-0.14022569,-0.086226004,-0.025526445
2018-06-13,2775.629883,-0.001752054,0.010281547,-0.102295555,-0.081311209,-0.025942511
2018-06-14,2782.48999,0.001072056,0.005053682,-0.09600821,-0.085168391,-0.027732162
2018-06-15,2779.659912,-0.000441947,0.006913459,-0.14000531,-0.094911677,-0.034855581
2018-06-18,2773.75,-0.000924349,0.010117057,-0.145771482,-0.103882783,-0.021641358
2018-06-19,2762.590088,-0.001750866,0.013185004,-0.092258002,-0.129895318,-0.022254733
2018-06-20,2767.320068,0.000742943,0.015002888,-0.113445911,-0.117475157,-0.027807927
2018-06-21,2749.76001,-0.002764601,0.014535613,-0.062282542,-0.130057893,-0.051100945
2018-07-25,2846.070068,0.003934897,0.027022983,-0.095907369,-0.130870412,-0.071593409
2018-07-26,2837.439941,-0.00131891,0.193488185,0.167199347,-0.039613695,-0.04428202
2018-11-28,2743.790039,0.009864587,-0.002811922,-0.005428889,-0.009501759,-0.01232943
2018-11-29,2737.800049,-0.000949148,0.030701164,-0.016912073,-0.015671829,-0.016564787
2018-11-30,2760.169922,0.003534092,-0.01114438,-0.018413949,-0.013920173,-0.016727793
2018-12-03,2790.370117,0.004725993,-0.011929488,-0.02304083,-0.016898988,-0.018127983
2018-12-04,2700.060059,-0.014288388,0.006332773,-0.028284133,-0.01992369,-0.02074857
2018-12-06,2695.949951,-0.000661599,0.026060406,-0.016108955,-0.01405205,-0.018555657
2018-12-07,2633.080078,-0.010247758,-0.000452382,-0.017772607,-0.013824778,-0.019117714
2018-12-10,2637.719971,0.00076462,0.040981959,-0.007392423,-0.007661749,-0.016155616
2018-12-11,2636.780029,-0.000154787,-0.000659987,-0.053791543,-0.006010648,-0.015730622
2018-12-12,2651.070068,0.002347306,0.01876981,-0.008547591,-0.006203709,-0.016541018
2018-12-13,2650.540039,-8.68E-05,0.003637291,-0.001882953,-0.006801695,-0.01663145
2018-12-14,2599.949951,-0.008369381,0.007694411,0.047650137,-0.007324067,-0.016200578
2018-12-17,2545.939941,-0.009116833,0.002389999,0.198418941,-0.003528092,-0.014525724
2018-12-18,2546.159912,3.75E-05,0.043631145,0.18393563,0.000715137,-0.008790844
2018-12-19,2506.959961,-0.006738278,-0.052410528,0.152291373,0.000920036,-0.005899096
2018-12-20,2467.419922,-0.006904331,0.014089351,0.082326923,0.035559598,0.004326915
2018-12-21,2416.620117,-0.00903468,-0.045311227,0.068476841,0.047746747,0.006830152
2018-12-24,2351.100098,-0.011937267,-0.00642778,0.080389711,0.061482061,0.016369264
2018-12-26,2467.699951,0.021021233,0.03927666,0.064447089,0.080700774,0.021439295
2018-12-27,2488.830078,0.003702894,-0.000282971,0.174790414,0.168752351,0.034137412
2018-12-28,2485.73999,-0.000539547,-0.013847289,0.180764402,0.164042021,0.033920852
2018-12-31,2506.850098,0.003672666,-0.003323493,0.179558984,0.159154866,0.032970856
2019-01-02,2510.030029,0.000550552,0.036751302,0.24248528,0.152289522,0.03154949
2019-01-03,2447.889893,-0.010887038,0.009985988,0.230116137,0.155154713,0.032098932
2019-01-04,2531.939941,0.014661521,-0.012465786,0.233062788,0.14946663,0.032858416
2019-01-07,2549.689941,0.003033971,-0.019749366,0.161999913,0.119659774,0.024019606
2019-01-08,2574.409912,0.004190328,0.009932157,0.091912249,0.106618778,0.020953722
2019-01-09,2584.959961,0.001776122,-0.017832904,-0.135920877,0.116118024,0.020939775
2019-01-10,2596.639893,0.001957904,0.001101462,-0.116960829,0.112832583,0.017895175
2019-01-11,2596.26001,-6.35E-05,-0.000667004,-0.141063195,0.142622933,0.06885042
2019-01-14,2582.610107,-0.002289338,0.022785418,-0.138065896,0.139364618,0.073081547
2019-01-15,2610.300049,0.004631585,0.014918611,-0.241476028,0.13802412,0.073203112
2019-01-16,2616.100098,0.000963926,-0.031903163,-0.121238907,0.097889356,0.082449385
2019-01-17,2635.959961,0.003284452,-0.001146663,-0.009392106,0.065041448,0.078364173
2019-01-18,2670.709961,0.005687917,0.005865576,-0.000165641,-0.075742649,0.080123864
2019-01-22,2632.899902,-0.006192378,0.010631739,7.96E-06,-0.069990284,0.084987047
2019-01-23,2638.699951,0.000955661,-0.021726292,-0.037474621,-0.098487468,0.079318275
2019-01-24,2642.330078,0.000597059,-0.010956942,-0.029276527,-0.083366767,0.08133625
2019-01-25,2664.76001,0.003671034,0.003191665,-0.026714123,-0.102971691,0.080132076
2019-01-28,2643.850098,-0.003421275,-0.00881281,0.02108092,-0.053654071,0.079876058
2019-01-29,2640,-0.000632901,-0.011326393,-0.009791029,-0.008486075,0.081675146
2019-01-30,2681.050049,0.006700994,-0.010798055,0.002982757,0.006574159,0.087525724
2019-01-31,2704.100098,0.003717843,0.094095161,-0.051321134,-0.021627711,0.085915613
2019-02-01,2706.530029,0.000390086,-0.003224924,0.021094735,0.015608278,0.071711392
2019-02-04,2724.870117,0.002932956,0.027697306,0.026088994,0.016209675,0.060178077
2019-02-05,2737.699951,0.002040042,-0.014974876,0.028063327,0.018108919,0.066215238
2019-02-06,2731.610107,-0.000967137,-0.002361451,0.024282944,0.023278624,0.042936579
2019-02-07,2706.050049,-0.004082886,-0.001113263,0.028428714,0.021155162,0.036068596
2019-02-08,2707.879883,0.000293571,0.003625398,0.025937862,0.02472037,-0.005849445
2019-02-11,2709.800049,0.00030785,-0.009710679,0.023192288,0.025905925,-0.00564589
2019-02-12,2744.72998,0.00556238,-0.011013296,0.039450282,0.024738621,-0.006839538
2019-02-13,2753.030029,0.001311322,-0.009422203,0.001668213,0.024136614,-0.009559173
2019-02-14,2745.72998,-0.001153123,0.00448811,-0.001605534,0.024435163,-0.008226599
2019-02-15,2775.600098,0.004699068,0.002639698,-0.240958754,0.023746096,-0.000310968
2019-02-19,2779.76001,0.000650409,-0.022006715,-0.155257626,0.023541316,0.012262572
2019-02-20,2784.699951,0.000771104,-0.001025285,-0.062480936,0.018914134,0.015743368
2019-02-21,2774.879883,-0.001534219,-0.020419876,-0.028813088,0.016681242,0.013818243
2019-02-22,2792.669922,0.002775419,-0.014592792,0.051421421,0.028763116,0.018443698
2019-02-25,2796.110107,0.000534662,-0.013660637,0.036336253,0.014238772,0.016377694
2019-02-26,2793.899902,-0.000343427,-0.004347604,0.051546854,0.01582657,0.016708902
2019-02-27,2792.379883,-0.000236342,-0.012958594,0.042809182,-0.038405189,0.02380152
2019-02-28,2784.48999,-0.00122884,-0.001099822,0.114307332,-0.024309891,0.020628404
2019-03-01,2803.689941,0.002984323,0.00112317,-0.021120071,-0.027482226,0.021795859
2019-03-04,2792.810059,-0.001688584,0.015186942,0.051922438,0.019564737,0.022133224
2019-03-05,2789.649902,-0.000491697,0.033424272,-0.027175864,-0.021543733,0.015658678
2019-03-06,2771.449951,-0.002842663,0.011158735,-0.042113577,-0.029696947,0.01720565
2019-03-07,2748.929932,-0.00354337,0.012972188,-0.034343398,-0.030667794,0.01486142
2019-03-08,2743.070068,-0.000926769,0.014009818,-0.041005178,-0.042890885,0.01105393
2019-03-11,2783.300049,0.006323126,-0.01170772,-0.038762782,-0.042774547,0.009219465
2019-03-12,2791.52002,0.00128072,-0.0019255,-0.148424103,-0.066039631,0.000657996
2019-03-13,2810.919922,0.003007727,0.008063928,-0.16749057,-0.073104885,-0.000827202
2019-03-14,2808.47998,-0.000377141,-0.017002329,-0.161083539,-0.06473256,0.005812847
2019-03-15,2822.47998,0.002159538,-0.027848891,-0.093173815,-0.077177947,-0.037320087
2019-03-18,2832.939941,0.001606497,-0.037857826,-0.108487201,-0.068485454,-0.040029381
2019-03-19,2832.570068,-5.67E-05,0.005359246,-0.05876938,-0.060164769,-0.056153312
2019-03-20,2824.22998,-0.001280603,0.027760654,-0.02910035,-0.060930089,-0.054669174
2019-03-21,2854.879883,0.004687781,0.002812729,-0.036933255,-0.064648481,-0.054907386
2019-03-22,2800.709961,-0.008319704,0.014787897,-0.018756181,-0.065439389,-0.050540278
2019-03-25,2798.360107,-0.000364535,-0.000425355,-0.065881139,-0.082091899,-0.069656451
2019-03-26,2818.459961,0.003108269,0.011666554,-0.078985451,-0.080094505,-0.07059371
2019-03-27,2805.370117,-0.002021703,-0.005741837,-0.068121352,-0.085201462,-0.05826814
2019-03-28,2815.439941,0.001556101,-0.005341836,-0.058937951,-0.075467867,-0.055977581
2019-03-29,2834.399902,0.002914857,-0.015791285,-0.098725049,-0.065953811,-0.055652719
2019-04-01,2867.189941,0.00499534,0.019407925,-0.114513186,-0.067289877,-0.061694478
2019-04-02,2867.23999,7.58E-06,0.028030228,-0.036977077,-0.029390544,-0.048185381
2019-04-03,2873.399902,0.000932027,0.012623464,-0.027691873,-0.029119331,-0.045043393
2019-04-04,2879.389893,0.000904403,0.000962329,0.026812645,-0.031340608,-0.051793435
2019-04-05,2892.73999,0.002008924,-0.021897771,0.02145025,-0.03745303,-0.04872118
2019-04-08,2895.77002,0.000454668,-0.009851902,0.002756066,-0.037423042,-0.051229452
2019-04-09,2878.199951,-0.002643106,0.011843585,-0.003242115,-0.042492599,-0.051169081
2019-04-10,2888.209961,0.0015078,0.005980227,-0.020970947,-0.049048448,-0.057316269
2019-04-11,2888.320068,1.66E-05,0.003890285,-0.005030547,-0.042087384,-0.05775787
2019-04-12,2907.409912,0.002860949,-0.009252766,-0.044323879,-0.041392321,-0.057282656
2019-04-15,2905.580078,-0.000273418,0.030206938,-0.079461491,-0.00851098,-0.057371642
2019-04-16,2907.060059,0.000221155,-0.017051696,-0.063882428,-0.019229614,-0.057543794
2019-04-17,2900.449951,-0.000988628,-0.008698826,-0.051665217,-0.018483082,-0.05038768
2019-04-18,2905.030029,0.00068525,1.50E-05,-0.034998559,-0.018781577,-0.041938049
2019-04-22,2907.969971,0.000439291,0.024812453,-0.036220428,-0.017680401,-0.039789098
2019-04-23,2933.679932,0.003822813,0.003954954,-0.013866571,-0.008723984,-0.03020266
2019-04-24,2927.25,-0.000952915,0.000957473,-0.01434182,-0.028141792,-0.028892532
2019-04-25,2926.169922,-0.000160273,0.046621063,-0.01194114,-0.027844377,-0.031061158
2019-05-31,2752.060059,-0.005768823,0.02032123,-0.004284837,-0.024581522,-0.031358588
2019-06-03,2744.449951,-0.001202592,0.081776726,-0.023948806,-0.042185928,-0.039429555
2019-06-04,2803.27002,0.009209617,0.003903398,-0.015953928,-0.024829665,-0.032319812
2019-06-05,2826.149902,0.003530261,-0.018124095,-0.052113576,-0.034440688,-0.035955106
2019-06-06,2843.48999,0.00265651,-0.001806271,-0.059463125,-0.040282728,-0.03805357
2019-06-07,2873.340088,0.004535328,-0.013950547,-0.059581632,-0.041683206,-0.037874211
2019-06-10,2886.72998,0.002019131,0.022489872,-0.061968116,-0.048126528,-0.036895125
2019-06-11,2885.719971,-0.000151978,-0.003580015,-0.068389579,-0.045174157,-0.036082929
2019-06-12,2879.840088,-0.000885812,0.003349088,-0.060975996,-0.041241209,-0.035619629
2019-06-13,2891.639893,0.001775835,-0.012222327,-0.047209244,-0.045555707,-0.038386513
2019-06-14,2886.97998,-0.000700435,-0.033622733,-0.015596759,-0.050717446,-0.038315132
2019-06-17,2889.669922,0.000404465,-0.03164265,0.002379764,-0.035697584,-0.027901191
2019-06-18,2917.75,0.00419984,0.032610565,0.020857547,-0.028839385,-0.028420327
2019-06-19,2926.459961,0.001294509,0.005005622,0.040212379,-0.020735095,-0.020851819
2019-06-20,2954.179932,0.004094357,0.003577169,0.049988109,-0.021760426,-0.020898651
2019-06-21,2950.459961,-0.000547218,-0.012062204,0.058803879,-0.019277791,-0.021034775
2019-06-24,2945.350098,-0.000752801,-0.004776871,0.06237962,-0.004405193,-0.018317082
2019-06-25,2917.379883,-0.004143941,0.007808167,0.069486894,0.052266728,-0.017908531
2019-06-26,2913.780029,-0.000536222,0.022739458,0.048898014,0.022843878,-0.017333137
2019-06-27,2924.919922,0.001657218,-4.34E-05,0.035690558,0.021060584,-0.018650116
2019-06-28,2941.76001,0.002493259,-0.025665575,0.059498405,0.021516671,-0.018931854
2019-07-01,2964.330078,0.003319321,0.028101632,-0.052563709,0.020758723,-0.019371962
2019-07-02,2973.01001,0.001269811,-0.008336677,-0.001957703,0.027856801,-0.014126761
2019-07-03,2995.820068,0.003319354,-0.015069852,-0.008154192,0.026740953,-0.015665457
2019-07-05,2990.409912,-0.000785002,-0.002740649,-0.032558413,0.022833767,-0.019808941
2019-07-08,2975.949951,-0.0021051,-0.02126938,-0.03414902,0.024480337,-0.019050125
2019-07-09,2979.629883,0.000536698,-0.015676206,0.010295824,0.028989492,-0.013170107
2019-07-10,2993.070068,0.001954563,-0.027143806,0.040581075,0.031656187,-0.01267682
2019-07-11,2999.909912,0.000991329,0.00545683,0.028742988,-0.002927783,-0.013698736
2019-07-12,3013.77002,0.002001895,-0.004947667,0.038834819,-0.003657041,-0.01191583
2019-07-15,3014.300049,7.64E-05,0.027051726,0.001175089,-0.011639212,-0.002672987
2019-07-16,3004.040039,-0.001480764,0.003773849,-0.012607962,-0.015111959,0.015581579
2019-07-17,2984.419922,-0.002845786,0.013178561,-0.00828664,-0.018507858,0.007170217
2019-07-18,2995.110107,0.001552862,-0.004977571,-0.027253522,-0.019376235,0.005027545
2019-07-19,2976.610107,-0.002690841,0.013076029,-0.057362569,-0.015054769,0.004716895
2019-07-22,2985.030029,0.001226752,-0.014735576,-0.076742244,-0.027242344,0.004480441
2019-07-23,3005.469971,0.002963689,0.019883228,-0.083626163,-0.020155192,-0.000654426
2019-07-24,3019.560059,0.002031279,-0.008491524,-0.041299272,-0.031810379,0.005132487
2019-07-25,3003.669922,-0.002291466,0.012787414,-0.043528961,-0.033224514,0.005021781
2019-07-26,3025.860107,0.00319664,0.011834672,-0.078566213,-0.031316567,0.001640447
2019-07-29,3020.969971,-0.000702437,0.010900724,-0.05746544,-0.021286465,0.000262111
2019-07-30,3013.179932,-0.001121342,-0.019973984,-0.040961647,-0.045729849,-0.002862834
2019-07-31,2980.379883,-0.004753443,0.009434925,0.002148591,-0.032198875,-0.015099462
2019-08-01,2953.560059,-0.003925817,-0.030319716,0.000349366,-0.032237515,-0.022808444
2019-08-02,2932.050049,-0.003174427,-0.005171578,0.062208288,0.012530862,-0.00629624
2019-08-05,2844.73999,-0.013128801,-0.000942874,0.03775658,0.023595396,-0.005352671
2019-08-06,2881.77002,0.005616741,0.005711488,0.048440379,0.02776553,-0.005253221
2019-08-07,2883.97998,0.000332922,0.006037675,0.086700788,0.039597877,0.004224131
2019-08-08,2938.090088,0.008072867,-0.010294616,0.057071393,0.052061238,0.006313684
2019-08-09,2918.649902,-0.002883104,-0.004454475,0.005638152,0.022680551,-0.004318905
2019-08-12,2882.699951,-0.005382563,0.014321432,0.013316622,0.038128215,0.006262636
2019-08-13,2926.320068,0.006522385,0.008756344,-0.00856759,0.024312671,-0.024891842
2019-08-14,2840.600098,-0.012911728,0.037045153,-0.042357664,0.022008847,-0.011132265
2019-08-15,2847.600098,0.001068902,0.009898496,-0.292327453,-0.091787154,-0.066687185
2019-08-16,2888.679932,0.006220425,0.032559124,-0.380755203,-0.085894204,-0.063855283
2019-08-19,2923.649902,0.005225942,0.004671008,-0.195209957,-0.027569253,-0.037773443
2019-08-20,2900.51001,-0.003450997,0.007554687,-0.211419873,-0.02762347,-0.036449135
2019-08-21,2924.429932,0.003566852,-0.008246535,-0.14176729,-0.034719155,-0.031733281
2019-08-22,2922.949951,-0.000219841,-0.008321192,-0.212829438,-0.044144288,-0.039451994
2019-08-23,2847.110107,-0.011417116,-0.014023036,-0.154663043,-0.108373854,-0.035691004
2019-08-26,2878.379883,0.004743848,-0.007462311,-0.017476441,-0.036705745,-0.008004932
2019-08-27,2869.159912,-0.001393356,-0.003636745,0.186334971,-0.080631256,-0.01705157
2019-08-28,2887.939941,0.002833403,0.004096976,0.195890761,-0.076968293,-0.012564133
2019-08-29,2924.580078,0.00547536,0.006332343,0.267386736,-0.077381113,-0.00910982
2019-08-30,2926.459961,0.000279069,0.010493806,0.275025512,-0.038928044,-0.001235273
2019-09-03,2906.27002,-0.003006625,0.00478829,0.312918034,-0.049705689,0.004092204
2019-09-04,2937.780029,0.004683312,-0.016137911,0.3166632,-0.033068952,-0.007186452
2019-09-05,2976,0.005613653,0.002665936,0.136028437,-0.06578466,-0.01903687
2019-09-06,2978.709961,0.000395291,0.007087519,-0.11188258,0.123523838,-0.015031256
2019-09-09,2978.429932,-4.08E-05,-0.001435337,-0.096124707,0.124422931,-0.020828737
2019-09-10,2979.389893,0.000139952,0.000144663,-0.126118874,0.089396575,-0.020404114
2019-09-11,3000.929932,0.003128515,-0.006968762,-0.123999146,0.065095542,-0.026591156
2019-09-12,3009.570068,0.001248604,0.015915088,-0.183272953,0.097523886,-0.024838736
2019-09-13,3007.389893,-0.000314723,0.005992562,-0.130102403,0.098033356,-0.059981317
2019-09-16,2997.959961,-0.001363907,-0.00499461,-0.115258294,0.087067702,-0.068888208
2019-09-17,3005.699951,0.001119796,-0.000569091,0.001525171,-0.081841646,-0.078874475
2019-09-18,3006.72998,0.000148804,0.004496099,-0.007604944,-0.053383242,-0.082056175
2019-09-19,3006.790039,8.67E-06,-0.008368298,-0.008994348,-0.076541211,-0.082139028
2019-09-20,2992.070068,-0.002131343,0.010868002,0.000155484,-0.058926554,-0.056152265
2019-09-23,2991.780029,-4.21E-05,-0.01008303,-0.044586588,-0.106746192,-0.067344438
2019-09-24,2966.600098,-0.003670652,0.003169618,0.006996686,-0.09269021,-0.048719425
2019-09-25,2984.870117,0.002666431,0.017019205,-0.076305275,-0.089964326,-0.058756687
2019-09-26,2977.620117,-0.001056148,0.006665026,0.036364763,0.016535352,0.087097309
2019-09-27,2961.790039,-0.002315022,-0.02888438,0.021287302,0.009489553,0.08451418
2019-09-30,2976.73999,0.002186634,0.000966354,0.045343673,0.040129375,0.054230106
2019-10-01,2940.25,-0.005356643,0.002011505,0.046697588,0.041076201,0.046851542
2019-10-02,2887.610107,-0.007845705,0.010144872,0.045820988,0.036643286,0.053533322
2019-10-03,2910.629883,0.003448431,-0.00787877,0.00554124,0.018422387,0.033735316
2019-10-04,2952.01001,0.006130842,-0.001572562,-0.012659009,-0.022776732,0.023374071
2019-10-07,2938.790039,-0.001949267,-0.006034344,-0.015117784,-0.030442335,-0.043384663
2019-10-08,2893.060059,-0.00681111,-0.022651475,-0.073353068,-0.027847412,-0.024253786
2019-10-09,2919.399902,0.00393614,0.005482283,0.019737738,0.036787223,0.029901864
2019-10-10,2938.129883,0.002777401,0.003591805,0.067117091,0.050123384,0.032952709
2019-10-11,2970.27002,0.004724941,0.012190267,0.080244757,0.061525246,0.025223949
2019-10-14,2966.149902,-0.000602836,-0.003989148,0.157833821,0.10141907,0.042580508
2019-10-15,2995.679932,0.004302315,-0.009542411,0.327437218,0.106437535,0.049088739
2019-10-16,2989.689941,-0.00086926,0.005488354,0.307626297,0.094211008,0.062938467
2019-10-17,2997.949951,0.001198228,-0.005740219,0.262213223,0.079974062,0.05534369
2019-10-18,2986.199951,-0.001705494,-0.014442689,0.247718119,0.087838964,0.052941118
2019-10-21,3006.719971,0.002974098,0.001327688,0.133765899,0.091556935,0.057531861
2019-10-22,2995.98999,-0.001552624,0.021614258,0.120887155,0.094160869,0.059529243
2019-10-23,3004.52002,0.001234744,-0.020527109,-0.005039083,0.051559607,0.047842057
2019-10-24,3010.290039,0.000833239,0.012040203,-0.054448815,0.095650218,0.033689374
2019-10-25,3022.550049,0.001765159,0.00070206,-0.047005371,0.092871952,0.036068706
2019-10-28,3039.419922,0.002417205,0.013396567,-0.023654216,0.093940935,0.035356957
2019-10-29,3036.889893,-0.00036166,-0.00822682,-0.000721521,0.090278389,0.041574984
2019-10-30,3046.77002,0.001410627,0.008736449,0.008191979,0.019761613,0.042227431
2019-10-31,3037.560059,-0.0013148,-0.022096952,-0.022083254,0.013480665,0.044485223
2019-11-01,3066.909912,0.004176146,-0.011254614,0.014104801,0.031115671,0.054869737
2019-11-04,3078.27002,0.001605693,0.010012246,0.035569743,-0.004152014,0.045130738
2019-11-05,3074.620117,-0.000515248,0.013096462,0.044578667,-0.00250926,0.050924932
2019-11-06,3076.780029,0.000304984,0.024554675,0.029207012,0.002087828,0.040095913
2019-11-07,3085.179932,0.00118405,0.017570803,0.011268973,0.000438593,0.036814889
2019-11-08,3093.080078,0.001110666,0.000108862,0.004801263,0.003006423,0.024979271
2019-11-11,3087.01001,-0.000853126,0.004385453,-0.005047481,-0.013189848,0.024878829
2019-11-12,3091.840088,0.000678986,-0.024105879,-0.005966122,-0.01131164,0.025031762
2019-11-13,3094.040039,0.000308906,-0.014405316,-0.035405441,0.005058662,0.040523821
2019-11-14,3096.629883,0.000363371,0.001721472,-0.000931361,0.010988493,0.044953255
2019-11-15,3120.459961,0.003329314,0.00258074,-0.005287994,0.011357402,0.04608377
2019-11-18,3122.030029,0.000218462,-0.015829997,0.001814433,0.012764463,0.044435363
2019-11-19,3120.179932,-0.000257437,-0.006688375,0.018997724,0.008838844,0.012277879
2019-11-20,3108.459961,-0.001634361,-0.004514759,0.019475543,0.008104615,0.01088113
2019-11-21,3103.540039,-0.000687925,0.009691481,0.00769547,0.00848605,0.011637935
2019-11-22,3110.290039,0.000943537,0.004443976,0.002650263,-0.01181178,-0.00185373
2019-11-25,3133.639893,0.003248198,0.011950877,0.026473667,0.006832135,-0.002571725
2019-11-26,3140.52002,0.000952479,0.023187984,0.084229135,0.014648827,0.010998656
2019-11-27,3153.629883,0.001809156,0.011635665,0.051658496,0.020250251,0.012431458
2019-11-29,3140.97998,-0.001745554,-0.001752642,0.059608865,0.032130382,0.014941723
2019-12-02,3113.870117,-0.003764675,-0.006427566,0.106838406,0.034720345,0.00957503
2019-12-03,3093.199951,-0.002892499,-0.001813965,0.169684938,0.046458162,0.017013308
2019-12-04,3112.76001,0.002737644,-0.004606006,0.192268574,0.051162816,0.029454775
2019-12-05,3117.429932,0.000651063,0.024219224,0.135897847,0.070784247,0.033093086
2019-12-06,3145.909912,0.003949581,-0.000312138,0.102994675,0.068019533,0.030240954
2019-12-09,3135.959961,-0.001375773,-0.015032911,0.062849935,0.060652366,0.028859549
2019-12-10,3132.52002,-0.000476654,0.009741854,0.07567718,0.06566908,0.029986785
2019-12-11,3141.629883,0.001261164,0.010984132,0.053294782,0.075240746,0.026845841
2020-03-10,2882.22998,0.020939531,0.012643191,0.057673592,0.080258072,0.026797812
2020-03-11,2741.379883,-0.02175941,-0.013735488,0.181323878,0.154899921,0.064983407
2020-03-12,2480.639893,-0.043405498,-0.035017633,0.435517914,0.347584266,0.158964905
2020-03-13,2711.02002,0.038569001,0.056855094,0.80660134,0.667300205,0.396381281
2020-03-16,2386.129883,-0.055438645,-0.083492337,0.835194336,0.705361876,0.512154026
2020-03-17,2529.189941,0.025287366,-0.00524633,0.71913799,0.684303221,0.592077458
2020-03-18,2398.100098,-0.023114139,0.006192146,0.730260409,0.684545384,0.595271452
2020-03-19,2409.389893,0.002039777,0.036911589,0.710956641,0.665002049,0.581393498
2020-03-20,2304.919922,-0.019251243,-0.024458173,0.649522033,0.612637371,0.539974382
2020-03-23,2237.399902,-0.012912227,0.013029087,0.619734681,0.613895039,0.56871756
2020-03-24,2447.330078,0.038948933,0.03845938,0.597966208,0.600916491,0.56468587
2020-03-25,2475.560059,0.004980919,-0.043055879,0.616945454,0.664335054,0.606895057
2020-03-26,2630.070068,0.026293852,0.014189366,0.474861032,0.578123735,0.531959982
2020-03-27,2541.469971,-0.014882336,-0.010620871,0.281655182,0.601842724,0.55434065
2020-03-30,2626.649902,0.014317208,0.044583336,0.358233746,0.609108303,0.560870947
2020-03-31,2584.590088,-0.007010517,-0.00927575,0.347266584,0.585008948,0.544285353
2020-04-01,2470.5,-0.019606816,-0.012810777,0.42555283,0.574463564,0.545582397
2020-04-02,2526.899902,0.00980318,-0.015026776,0.418396676,0.572939813,0.552627467
2020-04-03,2488.649902,-0.006624233,-0.017447112,0.42245419,0.515574026,0.538451887
2020-04-06,2663.679932,0.029518233,0.029051496,0.277407405,0.477924971,0.546091732
2020-04-07,2659.409912,-0.000696756,0.012826407,0.57519665,0.381336842,0.567158684
2020-04-08,2749.97998,0.014544249,0.040633794,0.500070071,0.399708076,0.562971644
2020-04-09,2789.820068,0.006246662,0.003489677,0.430166602,0.394256912,0.550876611
2020-04-13,2761.629883,-0.004410721,-0.015693632,0.493603848,0.441462477,0.551005171
2020-04-14,2846.060059,0.013078587,-0.003684252,0.469722168,0.406507422,0.549002639
2020-04-15,2783.360107,-0.009674662,-0.020948675,0.358358461,0.419273824,0.557653046
2020-04-16,2799.550049,0.002518838,-0.022520603,0.462212694,0.353824598,0.55612927
2020-04-17,2874.560059,0.011483151,0.029761634,0.388491884,0.435472526,0.546650271
2020-04-20,2823.159912,-0.007835908,-0.016377363,0.263465252,0.391808137,0.542926855
2020-04-21,2736.560059,-0.013530495,-0.022897638,0.315250947,0.379278151,0.54481005
2020-04-22,2799.310059,0.009846021,0.054197547,0.41259789,0.440394971,0.538751581
2020-04-23,2797.800049,-0.000234331,0.035165927,0.256710672,0.339669393,0.494986724
2020-04-24,2836.73999,0.006002858,0.030047968,0.20663461,0.266693754,0.439910801
2020-04-27,2878.47998,0.006343682,-0.010775342,0.229865082,0.282939293,0.404232458
2020-04-28,2863.389893,-0.002282726,-0.01393905,0.183725074,0.259480886,0.293929583
2020-04-29,2939.51001,0.011394456,0.036318695,0.218373816,0.212186086,0.30654135
2020-04-30,2912.429932,-0.004019458,0.069774849,0.218701537,0.222259835,0.307081755
2020-05-26,2991.77002,0.005304597,0.020302053,0.099684975,0.116600412,0.247615108
2020-05-27,3036.129883,0.006392141,0.01094904,0.002741572,0.120880432,0.225952275
2020-05-28,3029.72998,-0.000916422,0.008899276,-0.03754519,0.114321026,0.230159066
2020-05-29,3044.310059,0.002084958,0.03520921,-0.017107383,0.131466855,0.188869495
2020-06-01,3055.72998,0.001626093,-0.03327317,-0.025832168,0.106454551,0.212094953
2020-06-02,3080.820068,0.003551359,0.028386564,0.00358513,0.101648892,0.190132544
2020-06-03,3122.870117,0.005887587,0.028150577,-0.022788739,0.092753278,0.175306288
2020-06-04,3112.350098,-0.001465479,0.014700872,-0.041529374,0.075914484,0.165529253
2020-06-05,3193.929932,0.011236941,-0.013639261,0.036503394,0.020424789,0.158225674
2020-06-08,3232.389893,0.005198356,-0.004894131,-0.028974621,-0.029967468,0.122625335
2020-06-09,3207.179932,-0.003400414,-0.02417246,-0.035130313,-0.025365712,0.131904253
2020-06-10,3190.139893,-0.002313598,0.019675355,0.015220322,-0.003937579,0.127063579
2020-06-11,3002.100098,-0.026384559,0.020113124,0.00268379,-0.000848863,0.099953484
2020-06-12,3041.310059,0.00563553,-0.008738571,-0.128522169,-0.03291645,0.084784017
2020-06-15,3066.590088,0.003595029,-0.019429814,-0.218064558,-0.07114736,0.062142235
2020-06-16,3124.73999,0.008158158,0.008522303,-0.373257928,-0.070089256,0.057715909
2020-06-17,3113.48999,-0.001566412,0.006814608,-0.350157848,-0.078942637,0.052559192
2020-06-18,3115.340088,0.00025799,-0.004480089,-0.295393932,-0.085999406,0.060521926
2020-06-19,3097.73999,-0.002460501,-0.023292885,-0.28385109,-0.083291074,0.04584583
2020-06-22,3117.860107,0.002811663,0.001211878,-0.301908503,-0.085640793,0.054420148
2020-06-23,3131.290039,0.001866671,0.015642459,-0.371436961,-0.099348966,0.042744788
2020-06-24,3050.330078,-0.011376459,0.0249099,0.063177914,-0.128222656,0.031548525
2020-06-25,3083.76001,0.004733735,-0.022720883,-0.108283202,-0.247898235,-0.007863518
2020-06-26,3009.050049,-0.010651161,0.061361435,-0.119141566,-0.256286236,-0.039854158
2020-06-29,3053.23999,0.006331531,-0.023652801,-0.158908882,-0.192749518,-0.068169377
2020-06-30,3100.290039,0.006641383,-0.025996961,-0.174326803,-0.197171677,-0.081892478
2020-07-01,3115.860107,0.002175626,-0.044118611,-0.184281252,-0.228486955,-0.083462475
2020-07-02,3130.01001,0.001967775,0.047626618,-0.171659973,-0.203006796,-0.081034743
2020-07-06,3179.719971,0.006843148,0.03220971,-0.128771765,-0.113631183,-0.090576342
2020-07-07,3145.320068,-0.004724029,-0.015071596,-0.107394719,-0.088434806,-0.081582675
2020-07-08,3169.939941,0.003386188,0.062865049,-0.073761556,-0.077034586,-0.079127397
2020-08-10,3360.469971,0.0011893,0.006754353,-0.046339677,-0.052098228,-0.061509114
2020-08-11,3333.689941,-0.003474814,0.027478415,0.006372646,-0.051997363,-0.061238225
2020-08-12,3380.350098,0.006036477,0.008665483,0.008269851,-0.056236935,-0.068699405
2020-08-13,3373.429932,-0.000889988,-0.010403724,0.030728914,-0.067228773,-0.071056931
2020-08-14,3372.850098,-7.47E-05,0.001080846,0.069431081,-0.062330497,-0.074136502
2020-08-17,3381.98999,0.001175278,0.010422193,0.078619023,-0.062396147,-0.082834854
2020-08-18,3389.780029,0.000999199,0.002993684,0.056935284,-0.049912738,-0.081861419
2020-08-19,3374.850098,-0.001917029,0.003669992,0.02468258,-0.045466996,-0.072860216
2020-08-20,3385.51001,0.001369615,-0.032888442,-0.046557278,0.001541429,-0.070428248
2020-08-21,3397.159912,0.001491888,0.033305671,-0.035223266,0.01365357,-0.076098108
2020-08-24,3431.280029,0.004340172,0.016338491,0.023103512,0.030313887,-0.069999846
2020-08-25,3443.620117,0.001559074,-0.003458341,0.027841981,0.049937556,-0.047543024
2020-08-26,3478.72998,0.004405484,-0.061191558,0.017396188,0.052656323,-0.04487026
2020-08-27,3484.550049,0.000725987,0.012434262,-0.022406091,0.001478958,-0.04454853
2020-08-28,3508.01001,0.002914117,0.013067424,-0.023495367,-0.009159533,-0.046014188
2020-08-31,3500.310059,-0.000954308,-0.004344128,-0.019126206,-0.027289995,-0.044761704
2020-09-01,3526.649902,0.003255833,0.02480628,-0.014713465,-0.025523634,-0.044342944
2020-09-02,3580.840088,0.006622578,-0.029231324,-0.01523599,-0.002852567,-0.047350533
2020-09-03,3455.060059,-0.015529326,-0.00220491,-0.030695576,-0.02484935,-0.05250716
2020-09-04,3426.959961,-0.003546571,0.025840468,-0.053885573,-0.025533373,-0.048741009
2020-09-08,3331.840088,-0.012224881,0.00613476,-0.063791967,-0.035643963,-0.042081018
2020-09-09,3398.959961,0.008661899,0.000564493,-0.037736418,-0.045112882,-0.039545615
2020-09-10,3339.189941,-0.007704925,0.002879305,-0.068173637,-0.045219773,-0.015258252
2020-09-11,3340.969971,0.000231449,0.018552853,-0.090453242,-0.046879568,-0.007918756
2020-09-14,3383.540039,0.005498748,0.009614301,-0.061474701,-0.043590414,0.001792528
2020-09-15,3401.199951,0.002260844,-0.011198508,-0.113689405,-0.051155871,0.008798079
2020-09-16,3385.48999,-0.00201063,0.033775407,0.023146495,-0.066241003,0.003115945
2020-10-19,3426.919922,-0.007150513,-0.011481406,-0.083865271,-0.063158149,-0.013135418
2020-10-20,3443.120117,0.002048218,0.010589428,0.018749232,-0.01369175,-0.011669833
2020-10-21,3435.560059,-0.000954629,0.046048252,0.023869653,-0.013076888,-0.031297163
2020-10-22,3453.48999,0.002260657,0.002564997,0.034195614,-0.011705397,-0.030235591
2020-10-23,3465.389893,0.001493903,0.013488152,0.000935367,-0.015023843,-0.025513267
2020-10-26,3400.969971,-0.008149307,-0.018789647,0.001834894,-0.028108433,-0.026444331
2020-10-27,3390.679932,-0.001316001,-0.006395357,0.062719427,0.081273933,-0.012642493
2020-10-28,3271.030029,-0.015602265,-0.031272633,0.086131836,0.044669082,-0.011732944
2020-10-29,3310.110107,0.005157909,0.03512384,0.191609812,0.13883786,0.024135779
2020-10-30,3269.959961,-0.005300005,-0.043136336,0.198210636,0.152677346,0.035174853
2020-11-02,3310.23999,0.005317046,-0.023945082,0.152718162,0.138406461,0.042735519
2020-11-03,3369.159912,0.007662144,0.088247358,0.177517063,0.108774133,0.039231129
2020-11-04,3443.439941,0.009470888,0.049787057,0.126751043,0.105704073,0.05626774
2020-11-16,3626.909912,0.005029449,-0.01565547,0.13979851,0.117899812,0.067641212
2020-11-17,3609.530029,-0.002086109,0.009229992,0.11979994,0.112278372,0.063013161
2020-11-18,3567.790039,-0.005051371,0.007808512,0.118544536,0.119235142,0.091468406
2020-11-19,3581.870117,0.001710545,0.010048463,0.079288512,0.113813356,0.091081406
2020-11-20,3557.540039,-0.002960037,0.047291894,0.077463327,0.113727254,0.090499871
2020-11-23,3577.590088,0.002440782,0.002706586,0.03535284,0.10847858,0.08072201
2020-11-24,3635.409912,0.006962808,-0.00018155,0.060995328,0.108449979,0.07776027
2020-11-25,3629.649902,-0.00068865,-0.0021287,0.000345395,0.104538675,0.093039728
2020-11-27,3638.350098,0.001039749,-0.011890821,-0.127191402,0.09522939,0.085156085