Date,SP500,SP500 Ret,returns,Rolling_beta_1_week,Rolling_beta_2_week,Rolling_beta_1_month
2018-03-21,2711.929932,-0.000801574,0.023351281,,,
2018-03-22,2643.689941,-0.011067946,0.021540182,,,
2018-03-23,2588.26001,-0.009202616,-0.017623245,,,
2018-03-26,2658.550049,0.011636938,-0.039064167,,,
2018-03-27,2612.620117,-0.007568574,-0.010247973,,,
2018-03-28,2605,-0.001268539,0.019584649,,,
2018-03-29,2640.870117,0.005939315,0.021143872,,,
2018-04-02,2581.879883,-0.009811009,0.000463369,-0.090661007,,
2018-04-03,2614.449951,0.005444299,0.019049402,-0.114374507,,
2018-04-04,2644.689941,0.004994431,0.006471159,-0.006252356,,
2018-04-05,2662.840088,0.002970323,0.024462318,-0.059534543,,
2018-04-06,2604.469971,-0.009625732,0.012148471,0.373070464,,
2018-04-09,2613.159912,0.001446633,-0.007407246,0.455596216,,
2018-04-10,2656.870117,0.007204337,0.008010985,0.228217111,,
2018-04-11,2642.189941,-0.002406289,0.016259578,0.158017719,-0.039416752,
2018-04-12,2663.98999,0.003568554,-0.017595956,-0.021065491,-0.045066993,
2018-04-13,2656.300049,-0.001255458,0.023234682,-0.094878258,-0.019949748,
2018-04-16,2677.840088,0.003507509,-0.011378658,-0.0976093,-0.075611901,
2018-04-17,2706.389893,0.004605724,0.003404047,-0.173846533,0.044189307,
2018-04-18,2708.639893,0.000360908,-0.032769141,-0.106355375,-0.020855309,
2018-04-19,2693.129883,-0.002493972,0.01652985,-0.035903133,0.003575761,
2018-04-20,2670.139893,-0.003723284,4.68E-05,-0.079357678,-0.030820466,
2018-04-23,2670.290039,2.44E-05,0.014603718,-0.068744435,-0.036792669,
2018-04-24,2634.560059,-0.005850332,-0.025493308,-0.048893157,-0.059998854,
2018-04-25,2639.399902,0.000797093,0.014451031,0.024896693,-0.01246492,
2018-04-26,2666.939941,0.004508039,0.068253788,0.04763088,-0.028935075,
2018-04-27,2669.909912,0.000483372,-0.019330813,0.070250429,0.031553103,
2018-04-30,2648.050049,-0.003570419,-0.015908079,0.084210228,0.031627623,
2018-05-01,2654.800049,0.001105628,0.006121032,0.089907628,0.035059164,
2018-05-02,2635.669922,-0.003140797,0.003292632,0.087734432,0.04026644,
2018-05-03,2629.72998,-0.000979863,-0.016461638,0.088842874,0.050780704,0.00903249
2018-05-04,2663.419922,0.005528486,-0.015207741,0.068784298,0.055488386,0.010347037
2018-05-07,2672.629883,0.001499176,-0.021393576,0.047699134,0.049278443,0.018625223
2018-05-08,2671.919922,-0.000115382,0.001086818,-0.061272888,0.040383687,0.003002051
2018-05-09,2697.790039,0.004184709,0.024570883,-0.057084457,0.049204976,0.042762253
2018-05-10,2723.070068,0.00405067,0.013249225,0.012685248,0.064701082,0.039850649
2018-05-11,2727.719971,0.000740967,0.014924518,0.036392219,0.068067477,0.045466801
2018-05-14,2730.129883,0.000383525,-0.020699727,0.033503044,0.069096459,0.038400939
2018-05-15,2711.449951,-0.002981716,-0.003630073,0.024258409,0.048709396,0.034810681
2018-05-16,2722.459961,0.001759909,-0.012663966,0.068270105,0.052651165,0.030837419
2018-05-17,2720.129883,-0.00037186,0.012218605,0.08226586,0.044362336,0.027160752
2018-05-18,2712.969971,-0.001144655,-0.001385396,0.068575197,0.038759029,0.022383266
2018-05-21,2733.01001,0.003196236,-0.001763432,0.036201164,0.019470958,0.032533081
2018-05-22,2724.439941,-0.001363984,0.004028205,-0.014659724,0.018797743,0.032725192
2018-05-23,2733.290039,0.00140848,0.0126314,-0.051048242,0.021382395,0.028175177
2018-05-24,2727.76001,-0.000879561,-0.007703114,-0.017188073,0.010842742,0.033240436
2018-05-25,2721.330078,-0.001024936,-0.013423731,-0.02529697,0.047738082,0.040059668
2018-05-29,2689.860107,-0.005051528,0.00964694,0.042983456,0.074810967,0.046329778
2018-05-30,2724.01001,0.005479005,0.010424542,-0.036156893,0.05331463,0.045306207
2018-05-31,2705.27002,-0.00299808,0.021532831,0.054135748,0.041732815,0.048588859
2018-06-01,2734.620117,0.004686385,-0.015739779,0.000184836,-0.017525461,0.047416753
2018-06-04,2746.870117,0.00194112,-0.022948999,-0.075350785,-0.059848319,0.04286794
2018-06-05,2748.800049,0.000305025,0.000641815,-0.090902705,-0.073500131,0.036759237
2018-06-06,2772.350098,0.003704923,-0.008036972,-0.096996524,-0.078581892,0.037967216
2018-06-07,2770.370117,-0.000310279,0.002987204,-0.132429698,-0.086720363,0.021237156
2018-06-08,2779.030029,0.001355446,-0.001255912,-0.096851333,-0.088706595,0.0212732
2018-06-11,2782,0.000463886,0.010169503,-0.150717374,-0.089626567,-0.010509513
2018-06-12,2786.850098,0.000756483,-0.009606624,-0.109978616,-0.083983142,-0.011592755
2018-06-13,2775.629883,-0.001752054,0.010281547,-0.06766358,-0.077743506,-0.025139076
2018-06-14,2782.48999,0.001072056,0.005053682,-0.150423233,-0.09809009,-0.03077987
2018-06-15,2779.659912,-0.000441947,0.006913459,-0.140911346,-0.102801443,-0.027207131
2018-06-18,2773.75,-0.000924349,0.010117057,-0.083020405,-0.127917367,-0.036338438
2018-06-19,2762.590088,-0.001750866,0.013185004,-0.094375032,-0.109711046,-0.02433809
2018-06-20,2767.320068,0.000742943,0.015002888,-0.096963939,-0.143256065,-0.027642873
2018-06-21,2749.76001,-0.002764601,0.014535613,-0.068403813,-0.118299977,-0.026105846
2018-07-25,2846.070068,0.003934897,0.027022983,-0.170769173,-0.107409017,-0.058720406
2018-07-26,2837.439941,-0.00131891,0.193488185,0.157165415,-0.0294754,-0.041461596
2018-11-29,2737.800049,-0.000949148,0.030701164,-0.004056117,-0.009548553,-0.012189387
2018-11-30,2760.169922,0.003534092,-0.01114438,-0.004052559,-0.006647936,-0.012788907
2018-12-03,2790.370117,0.004725993,-0.011929488,-0.011513395,-0.01030493,-0.01562256
2018-12-04,2700.060059,-0.014288388,0.006332773,-0.019579399,-0.013848085,-0.017273427
2018-12-06,2695.949951,-0.000661599,0.026060406,-0.004905452,-0.00726243,-0.015851815
2018-12-07,2633.080078,-0.010247758,-0.000452382,-0.006399401,-0.006032017,-0.016427499
2018-12-10,2637.719971,0.00076462,0.040981959,0.0049433,0.000383388,-0.012456129
2018-12-11,2636.780029,-0.000154787,-0.000659987,0.000137468,0.00289587,-0.011550728
2018-12-12,2651.070068,0.002347306,0.01876981,-0.022704901,0.002428377,-0.011603825
2018-12-13,2650.540039,-8.68E-05,0.003637291,0.056971188,0.001867323,-0.011526438
2018-12-14,2599.949951,-0.008369381,0.007694411,0.184595881,0.000956913,-0.012245729
2018-12-17,2545.939941,-0.009116833,0.002389999,0.152243062,0.005124463,-0.011548164
2018-12-18,2546.159912,3.75E-05,0.043631145,0.183952647,0.009413072,-0.008849897
2018-12-19,2506.959961,-0.006738278,-0.052410528,0.112247324,0.010123756,-0.007578314
2018-12-20,2467.419922,-0.006904331,0.014089351,0.076948998,0.051232486,0.005311908
2018-12-21,2416.620117,-0.00903468,-0.045311227,0.073051842,0.044329185,0.008046925
2018-12-24,2351.100098,-0.011937267,-0.00642778,0.062400542,0.073821526,0.017415961
2018-12-26,2467.699951,0.021021233,0.03927666,0.056764365,0.098573537,0.023963569
2018-12-27,2488.830078,0.003702894,-0.000282971,0.180483003,0.168565548,0.037091433
2018-12-28,2485.73999,-0.000539547,-0.013847289,0.183733408,0.16733589,0.036483942
2018-12-31,2506.850098,0.003672666,-0.003323493,0.239347652,0.156314572,0.035506183
2019-01-02,2510.030029,0.000550552,0.036751302,0.301958569,0.168112882,0.034990714
2019-01-03,2447.889893,-0.010887038,0.009985988,0.254427581,0.155840011,0.03552095
2019-01-04,2531.939941,0.014661521,-0.012465786,0.282436002,0.145883692,0.036787257
2019-01-07,2549.689941,0.003033971,-0.019749366,0.100185423,0.119445198,0.027712181
2019-01-08,2574.409912,0.004190328,0.009932157,-0.150632515,0.112841795,0.024356774
2019-01-09,2584.959961,0.001776122,-0.017832904,-0.135199901,0.118142104,0.024138383
2019-01-10,2596.639893,0.001957904,0.001101462,-0.140976322,0.142217927,0.022047829
2019-01-11,2596.26001,-6.35E-05,-0.000667004,-0.139670349,0.139350051,0.021631511
2019-01-14,2582.610107,-0.002289338,0.022785418,-0.29549912,0.164560535,0.01994861
2019-01-15,2610.300049,0.004631585,0.014918611,-0.157089306,0.09448674,0.069497409
2019-01-16,2616.100098,0.000963926,-0.031903163,-0.033026189,0.065817947,0.076860992
2019-01-17,2635.959961,0.003284452,-0.001146663,0.000451141,-0.075496349,0.071919534
2019-01-18,2670.709961,0.005687917,0.005865576,-0.013793664,-0.075786716,0.077110433
2019-01-22,2632.899902,-0.006192378,0.010631739,-0.002361158,-0.08254684,0.081187543
2019-01-23,2638.699951,0.000955661,-0.021726292,-0.036585767,-0.096589331,0.081317652
2019-01-24,2642.330078,0.000597059,-0.010956942,-0.029510163,-0.107489381,0.074927383
2019-01-25,2664.76001,0.003671034,0.003191665,0.012947315,-0.056907327,0.080138715
2019-01-28,2643.850098,-0.003421275,-0.00881281,-0.016093476,-0.017663056,0.080850125
2019-01-29,2640,-0.000632901,-0.011326393,-0.008826038,0.001466273,0.081544177
2019-01-30,2681.050049,0.006700994,-0.010798055,-0.009505464,-0.007622029,0.081484389
2019-01-31,2704.100098,0.003717843,0.094095161,-0.152900059,-0.019987659,0.08279786
2019-02-01,2706.530029,0.000390086,-0.003224924,0.025317186,0.015775453,0.06424084
2019-02-04,2724.870117,0.002932956,0.027697306,0.026495675,0.015756662,0.071752505
2019-02-05,2737.699951,0.002040042,-0.014974876,0.026538585,0.024519192,0.060459182
2019-02-06,2731.610107,-0.000967137,-0.002361451,0.02573122,0.020367594,0.064765266
2019-02-07,2706.050049,-0.004082886,-0.001113263,0.01911432,0.022355107,0.043745995
2019-02-08,2707.879883,0.000293571,0.003625398,0.022263014,0.025888667,0.037596704
2019-02-11,2709.800049,0.00030785,-0.009710679,0.041143726,0.024992441,-0.005978287
2019-02-12,2744.72998,0.00556238,-0.011013296,0.048689683,0.029917022,-0.004901329
2019-02-13,2753.030029,0.001311322,-0.009422203,0.000949118,0.02488324,-0.010287155
2019-02-14,2745.72998,-0.001153123,0.00448811,-0.271789691,0.024014316,-0.009451568
2019-02-15,2775.600098,0.004699068,0.002639698,-0.275329946,0.023789643,-0.008969231
2019-02-19,2779.76001,0.000650409,-0.022006715,-0.15200535,0.018045283,0.000238297
2019-02-20,2784.699951,0.000771104,-0.001025285,-0.02328052,0.016386784,0.012945
2019-02-21,2774.879883,-0.001534219,-0.020419876,-0.008866953,0.0243704,0.015793239
2019-02-22,2792.669922,0.002775419,-0.014592792,0.049187957,0.024551073,0.01718662
2019-02-25,2796.110107,0.000534662,-0.013660637,0.049811316,0.014676089,0.016475096
2019-02-26,2793.899902,-0.000343427,-0.004347604,0.051630981,-0.035191197,0.016678893
2019-02-27,2792.379883,-0.000236342,-0.012958594,0.110303842,-0.030017158,0.017020875
2019-02-28,2784.48999,-0.00122884,-0.001099822,0.017544654,-0.016402667,0.024685168
2019-03-01,2803.689941,0.002984323,0.00112317,-0.012174588,0.003150556,0.020329263
2019-03-04,2792.810059,-0.001688584,0.015186942,0.053576745,0.031422052,0.022250075
2019-03-05,2789.649902,-0.000491697,0.033424272,-0.075681077,-0.023159839,0.018345587
2019-03-06,2771.449951,-0.002842663,0.011158735,-0.02318902,-0.017005858,0.011566896
2019-03-07,2748.929932,-0.00354337,0.012972188,-0.02934211,-0.028527965,0.01402506
2019-03-08,2743.070068,-0.000926769,0.014009818,-0.039836462,-0.041333705,0.010933893
2019-03-11,2783.300049,0.006323126,-0.01170772,-0.042068981,-0.046845242,0.009570296
2019-03-12,2791.52002,0.00128072,-0.0019255,-0.175678904,-0.072274655,0.003659295
2019-03-13,2810.919922,0.003007727,0.008063928,-0.156115474,-0.072824304,0.000533951
2019-03-14,2808.47998,-0.000377141,-0.017002329,-0.156162736,-0.093594671,0.000123186
2019-03-15,2822.47998,0.002159538,-0.027848891,-0.150629856,-0.069402026,0.0071298
2019-03-18,2832.939941,0.001606497,-0.037857826,-0.088908161,-0.071851448,-0.039979907
2019-03-19,2832.570068,-5.67E-05,0.005359246,-0.019443042,-0.060805974,-0.037820766
2019-03-20,2824.22998,-0.001280603,0.027760654,-0.00109714,-0.064945812,-0.056291676
2019-03-21,2854.879883,0.004687781,0.002812729,-0.028828054,-0.065800367,-0.05497266
2019-03-22,2800.709961,-0.008319704,0.014787897,-0.018712098,-0.064886684,-0.051496003
2019-03-25,2798.360107,-0.000364535,-0.000425355,-0.079187916,-0.080439758,-0.069508769
2019-03-26,2818.459961,0.003108269,0.011666554,-0.084334884,-0.095527256,-0.069829918
2019-03-27,2805.370117,-0.002021703,-0.005741837,-0.066854003,-0.079274623,-0.064250245
2019-03-28,2815.439941,0.001556101,-0.005341836,-0.085467849,-0.065342255,-0.056600552
2019-03-29,2834.399902,0.002914857,-0.015791285,-0.098494966,-0.063373307,-0.056581276
2019-04-01,2867.189941,0.00499534,0.019407925,-0.173202564,-0.056516188,-0.058927683
2019-04-02,2867.23999,7.58E-06,0.028030228,-0.037604938,-0.029345335,-0.045927871
2019-04-03,2873.399902,0.000932027,0.012623464,0.030389471,-0.032978008,-0.045091606
2019-04-04,2879.389893,0.000904403,0.000962329,0.019454146,-0.037420118,-0.043580219
2019-04-05,2892.73999,0.002008924,-0.021897771,0.014827144,-0.034894434,-0.05182309
2019-04-08,2895.77002,0.000454668,-0.009851902,-0.011196546,-0.046601187,-0.049801102
2019-04-09,2878.199951,-0.002643106,0.011843585,-0.003879866,-0.042253489,-0.050299917
2019-04-10,2888.209961,0.0015078,0.005980227,-0.005059344,-0.043182105,-0.054385726
2019-04-11,2888.320068,1.66E-05,0.003890285,-0.04433972,-0.0413248,-0.056794044
2019-04-12,2907.409912,0.002860949,-0.009252766,-0.064423815,-0.000405501,-0.057819638
2019-04-15,2905.580078,-0.000273418,0.030206938,-0.10283438,-0.009832625,-0.059809291
2019-04-16,2907.060059,0.000221155,-0.017051696,-0.063791409,-0.024865832,-0.055036274
2019-04-17,2900.449951,-0.000988628,-0.008698826,-0.045430375,-0.025456854,-0.054133969
2019-04-18,2905.030029,0.00068525,1.50E-05,-0.035529414,-0.017832906,-0.047815982
2019-04-22,2907.969971,0.000439291,0.024812453,-0.016816573,-0.007893635,-0.041934471
2019-04-23,2933.679932,0.003822813,0.003954954,-0.015179493,-0.028384351,-0.038092432
2019-04-24,2927.25,-0.000952915,0.000957473,-0.014141756,-0.028399744,-0.029060237
2019-04-25,2926.169922,-0.000160273,0.046621063,0.004161526,-0.030482899,-0.02883874
2019-05-31,2752.060059,-0.005768823,0.02032123,0.000107327,-0.024361816,-0.028204856
2019-06-03,2744.449951,-0.001202592,0.081776726,-0.024785086,-0.036664188,-0.041113484
2019-06-04,2803.27002,0.009209617,0.003903398,-0.02201962,-0.024734186,-0.031852491
2019-06-05,2826.149902,0.003530261,-0.018124095,-0.058461817,-0.034990931,-0.035750383
2019-06-06,2843.48999,0.00265651,-0.001806271,-0.059162797,-0.040030764,-0.039894961
2019-06-07,2873.340088,0.004535328,-0.013950547,-0.056066361,-0.042589052,-0.039133702
2019-06-10,2886.72998,0.002019131,0.022489872,-0.068742006,-0.046694562,-0.042588781
2019-06-11,2885.719971,-0.000151978,-0.003580015,-0.0682372,-0.043917022,-0.035121912
2019-06-12,2879.840088,-0.000885812,0.003349088,-0.050692723,-0.047581358,-0.034791394
2019-06-13,2891.639893,0.001775835,-0.012222327,-0.02827637,-0.052593613,-0.035163347
2019-06-14,2886.97998,-0.000700435,-0.033622733,-0.05768116,-0.05211485,-0.038300234
2019-06-17,2889.669922,0.000404465,-0.03164265,0.016090688,-0.03540137,-0.029719739
2019-06-18,2917.75,0.00419984,0.032610565,0.01632699,-0.028702494,-0.024200993
2019-06-19,2926.459961,0.001294509,0.005005622,0.050118572,-0.021778555,-0.021512618
2019-06-20,2954.179932,0.004094357,0.003577169,0.051857443,-0.019210201,-0.020837848
2019-06-21,2950.459961,-0.000547218,-0.012062204,0.059313015,-0.007912599,-0.020984004
2019-06-24,2945.350098,-0.000752801,-0.004776871,0.070890482,0.051779884,-0.019117422
2019-06-25,2917.379883,-0.004143941,0.007808167,0.071387895,0.038905298,-0.01721201
2019-06-26,2913.780029,-0.000536222,0.022739458,0.052658457,0.032646862,-0.018910887
2019-06-27,2924.919922,0.001657218,-4.34E-05,0.067343291,0.021351175,-0.01861281
2019-06-28,2941.76001,0.002493259,-0.025665575,-0.02338709,0.033464674,-0.018873063
2019-07-01,2964.330078,0.003319321,0.028101632,-0.057570488,0.016091748,-0.020716645
2019-07-02,2973.01001,0.001269811,-0.008336677,-0.003969022,0.027490461,-0.015489585
2019-07-03,2995.820068,0.003319354,-0.015069852,-0.015363909,0.028556079,-0.014179742
2019-07-05,2990.409912,-0.000785002,-0.002740649,-0.037224641,0.024326117,-0.017924878
2019-07-08,2975.949951,-0.0021051,-0.02126938,-0.017571306,0.017871144,-0.018911151
2019-07-09,2979.629883,0.000536698,-0.015676206,0.038900273,0.032195163,-0.013592773
2019-07-10,2993.070068,0.001954563,-0.027143806,0.039963569,0.006038329,-0.012355254
2019-07-11,2999.909912,0.000991329,0.00545683,0.042882411,-0.004561573,-0.013688096
2019-07-12,3013.77002,0.002001895,-0.004947667,-0.009411962,-0.011622707,-0.013699005
2019-07-15,3014.300049,7.64E-05,0.027051726,-0.000384558,-0.014232924,-0.012159586
2019-07-16,3004.040039,-0.001480764,0.003773849,-0.000990278,-0.015945355,-0.004756725
2019-07-17,2984.419922,-0.002845786,0.013178561,-0.007430272,-0.008021224,0.013348705
2019-07-18,2995.110107,0.001552862,-0.004977571,-0.054847707,-0.014713846,0.000278617
2019-07-19,2976.610107,-0.002690841,0.013076029,-0.064360898,-0.015823673,0.004788586
2019-07-22,2985.030029,0.001226752,-0.014735576,-0.090966765,-0.018100993,-0.000994871
2019-07-23,3005.469971,0.002963689,0.019883228,-0.084445373,-0.058142085,0.003397744
2019-07-24,3019.560059,0.002031279,-0.008491524,-0.026429672,-0.030502615,0.005283633
2019-07-25,3003.669922,-0.002291466,0.012787414,-0.064691128,-0.02292585,0.004077858
2019-07-26,3025.860107,0.00319664,0.011834672,-0.079322139,-0.03202067,0.000236742
2019-07-29,3020.969971,-0.000702437,0.010900724,-0.033863644,-0.043563008,0.005181833
2019-07-30,3013.179932,-0.001121342,-0.019973984,-0.035365369,-0.051026341,-0.001473949
2019-07-31,2980.379883,-0.004753443,0.009434925,0.025342809,-0.023163894,0.002204097
2019-08-01,2953.560059,-0.003925817,-0.030319716,0.019867826,-0.032493627,-0.022015463
2019-08-02,2932.050049,-0.003174427,-0.005171578,0.034813148,0.01839644,-0.00387425
2019-08-05,2844.73999,-0.013128801,-0.000942874,0.05144721,0.020946899,-0.004617275
2019-08-06,2881.77002,0.005616741,0.005711488,0.045842067,0.027640651,-0.005118541
2019-08-07,2883.97998,0.000332922,0.006037675,0.039797866,0.049796127,-0.000178722
2019-08-08,2938.090088,0.008072867,-0.010294616,0.043753347,0.057849621,0.004652155
2019-08-09,2918.649902,-0.002883104,-0.004454475,0.012492972,0.035293524,-0.003959202
2019-08-12,2882.699951,-0.005382563,0.014321432,0.065725058,0.051456478,-0.003181249
2019-08-13,2926.320068,0.006522385,0.008756344,-0.180808946,-0.006632777,-0.00565731
2019-08-14,2840.600098,-0.012911728,0.037045153,-0.097463742,0.033707431,-0.012885529
2019-08-15,2847.600098,0.001068902,0.009898496,-0.382757885,-0.092906685,-0.073225287
2019-08-16,2888.679932,0.006220425,0.032559124,-0.370696194,-0.101352585,-0.063675204
2019-08-19,2923.649902,0.005225942,0.004671008,-0.198432946,-0.028957129,-0.030083755
2019-08-20,2900.51001,-0.003450997,0.007554687,-0.161058134,-0.033442036,-0.036718448
2019-08-21,2924.429932,0.003566852,-0.008246535,-0.240468598,-0.030788957,-0.037947672
2019-08-22,2922.949951,-0.000219841,-0.008321192,-0.208904049,-0.117310261,-0.039283519
2019-08-23,2847.110107,-0.011417116,-0.014023036,-0.149044143,-0.127125061,-0.038757457
2019-08-26,2878.379883,0.004743848,-0.007462311,0.228871745,-0.065314086,-0.004082303
2019-08-27,2869.159912,-0.001393356,-0.003636745,0.192825428,-0.082092145,-0.017181619
2019-08-28,2887.939941,0.002833403,0.004096976,0.246394153,-0.077317801,-0.016190954
2019-08-29,2924.580078,0.00547536,0.006332343,0.186388414,-0.041100647,-0.011519205
2019-08-30,2926.459961,0.000279069,0.010493806,0.513904148,-0.050358992,-0.005402286
2019-09-03,2906.27002,-0.003006625,0.00478829,0.378271055,-0.034126277,-0.000502396
2019-09-04,2937.780029,0.004683312,-0.016137911,0.361829112,-0.040725366,0.003331258
2019-09-05,2976,0.005613653,0.002665936,-0.131290514,0.121397128,-0.023113779
2019-09-06,2978.709961,0.000395291,0.007087519,-0.083749117,0.129270733,-0.018713266
2019-09-09,2978.429932,-4.08E-05,-0.001435337,-0.149513731,0.0887684,-0.014490754
2019-09-10,2979.389893,0.000139952,0.000144663,-0.130861692,0.065762725,-0.020901857
2019-09-11,3000.929932,0.003128515,-0.006968762,-0.17534372,0.113396224,-0.02047866
2019-09-12,3009.570068,0.001248604,0.015915088,-0.208139016,0.122232831,-0.031970337
2019-09-13,3007.389893,-0.000314723,0.005992562,-0.100434366,0.095857379,-0.020764986
2019-09-16,2997.959961,-0.001363907,-0.00499461,-0.062614287,-0.106810215,-0.060270774
2019-09-17,3005.699951,0.001119796,-0.000569091,-0.00343375,-0.054062885,-0.064147609
2019-09-18,3006.72998,0.000148804,0.004496099,-0.005865432,-0.073362598,-0.078895702
2019-09-19,3006.790039,8.67E-06,-0.008368298,-0.014570313,-0.080726715,-0.082174757
2019-09-20,2992.070068,-0.002131343,0.010868002,-0.000379508,-0.086720751,-0.077979986
2019-09-23,2991.780029,-4.21E-05,-0.01008303,0.01320217,-0.112753778,-0.059915062
2019-09-24,2966.600098,-0.003670652,0.003169618,-0.05086878,-0.076823799,-0.063041292
2019-09-25,2984.870117,0.002666431,0.017019205,-0.094550037,-0.026402909,-0.049025735
2019-09-26,2977.620117,-0.001056148,0.006665026,0.027065642,0.014582371,-0.04783692
2019-09-27,2961.790039,-0.002315022,-0.02888438,0.032093839,0.007777089,0.083801814
2019-09-30,2976.73999,0.002186634,0.000966354,0.042460034,0.040308725,0.087458049
2019-10-01,2940.25,-0.005356643,0.002011505,0.052014213,0.04109659,0.054950896
2019-10-02,2887.610107,-0.007845705,0.010144872,0.059250396,0.053488788,0.042163333
2019-10-03,2910.629883,0.003448431,-0.00787877,0.023415076,-0.001035699,0.022432071
2019-10-04,2952.01001,0.006130842,-0.001572562,-0.007594306,-0.025769753,0.023261031
2019-10-07,2938.790039,-0.001949267,-0.006034344,-0.077818144,-0.033256467,0.019810045
2019-10-08,2893.060059,-0.00681111,-0.022651475,-0.079544608,-0.027812601,-0.036722965
2019-10-09,2919.399902,0.00393614,0.005482283,0.007177141,0.033424597,0.031463897
2019-10-10,2938.129883,0.002777401,0.003591805,0.051671726,0.053969644,0.036213516
2019-10-11,2970.27002,0.004724941,0.012190267,0.113358678,0.075775006,0.035774904
2019-10-14,2966.149902,-0.000602836,-0.003989148,0.32411987,0.106440169,0.041328589
2019-10-15,2995.679932,0.004302315,-0.009542411,0.357890829,0.113951162,0.04337765
2019-10-16,2989.689941,-0.00086926,0.005488354,0.300055373,0.087114822,0.036701235
2019-10-17,2997.949951,0.001198228,-0.005740219,0.253379812,0.089818284,0.060143162
2019-10-18,2986.199951,-0.001705494,-0.014442689,0.063135242,0.081418339,0.052688138
2019-10-21,3006.719971,0.002974098,0.001327688,0.114618408,0.087002311,0.057539669
2019-10-22,2995.98999,-0.001552624,0.021614258,0.114311825,0.116205347,0.059509789
2019-10-23,3004.52002,0.001234744,-0.020527109,-0.062175385,0.116453453,0.041261792
2019-10-24,3010.290039,0.000833239,0.012040203,-0.055380667,0.103436382,0.036591108
2019-10-25,3022.550049,0.001765159,0.00070206,-0.024384134,0.09301493,0.035056525
2019-10-28,3039.419922,0.002417205,0.013396567,-0.017682399,0.088724477,0.036785662
2019-10-29,3036.889893,-0.00036166,-0.00822682,0.000933565,0.010917342,0.041510896
2019-10-30,3046.77002,0.001410627,0.008736449,-0.024147888,0.013159842,0.041951265
2019-10-31,3037.560059,-0.0013148,-0.022096952,-0.018212263,0.011340242,0.044143669
2019-11-01,3066.909912,0.004176146,-0.011254614,0.056864465,0.0100998,0.047004656
2019-11-04,3078.27002,0.001605693,0.010012246,0.045990306,-0.005468706,0.045164988
2019-11-05,3074.620117,-0.000515248,0.013096462,0.057520432,0.009689679,0.046883243
2019-11-06,3076.780029,0.000304984,0.024554675,0.029116382,0.005755431,0.045696509
2019-11-07,3085.179932,0.00118405,0.017570803,0.001831591,0.001402367,0.034273579
2019-11-08,3093.080078,0.001110666,0.000108862,-0.004733938,-0.013130762,0.036895991
2019-11-11,3087.01001,-0.000853126,0.004385453,-0.006141287,-0.011245269,0.024877759
2019-11-12,3091.840088,0.000678986,-0.024105879,-0.085128581,0.003957328,0.02375229
2019-11-13,3094.040039,0.000308906,-0.014405316,-0.003553139,0.00871598,0.022238784
2019-11-14,3096.629883,0.000363371,0.001721472,-0.005263298,0.011489456,0.040889018
2019-11-15,3120.459961,0.003329314,0.00258074,7.65906E-05,0.011442501,0.04469878
2019-11-18,3122.030029,0.000218462,-0.015829997,0.014663689,0.0063666,0.047413444
2019-11-19,3120.179932,-0.000257437,-0.006688375,0.019271146,0.005965422,0.044359844
2019-11-20,3108.459961,-0.001634361,-0.004514759,0.015595195,0.006159056,0.014107151
2019-11-21,3103.540039,-0.000687925,0.009691481,0.035203569,-0.006949337,0.013148925
2019-11-22,3110.290039,0.000943537,0.004443976,0.019597329,0.006151056,0.008359461
2019-11-25,3133.639893,0.003248198,0.011950877,0.035428894,0.002348684,-0.001558706
2019-11-26,3140.52002,0.000952479,0.023187984,0.08535246,0.0210731,0.003576862
2019-11-27,3153.629883,0.001809156,0.011635665,0.053146598,0.028371636,0.011118687
2019-11-29,3140.97998,-0.001745554,-0.001752642,0.089642196,0.03253458,0.014201193
2019-12-02,3113.870117,-0.003764675,-0.006427566,0.128010958,0.034736284,0.016491214
2019-12-03,3093.199951,-0.002892499,-0.001813965,0.175205607,0.049487753,0.016741464
2019-12-04,3112.76001,0.002737644,-0.004606006,0.198563424,0.081660984,0.019352887
2019-12-05,3117.429932,0.000651063,0.024219224,0.13606338,0.085527371,0.026657418
2019-12-06,3145.909912,0.003949581,-0.000312138,0.088974063,0.068238549,0.03025746
2019-12-09,3135.959961,-0.001375773,-0.015032911,0.073119607,0.061479131,0.02852864
2019-12-10,3132.52002,-0.000476654,0.009741854,0.060574417,0.079179852,0.03375139
2019-12-11,3141.629883,0.001261164,0.010984132,0.049940874,0.078003019,0.027934542
2020-03-10,2882.22998,0.020939531,0.012643191,0.024898423,0.073561774,0.027846711
2020-03-11,2741.379883,-0.02175941,-0.013735488,0.146681844,0.162232051,0.069422031
2020-03-12,2480.639893,-0.043405498,-0.035017633,0.472032102,0.347550862,0.141062985
2020-03-13,2711.02002,0.038569001,0.056855094,1.027287293,0.670352393,0.39548936
2020-03-16,2386.129883,-0.055438645,-0.083492337,0.840932133,0.745046173,0.505458382
2020-03-17,2529.189941,0.025287366,-0.00524633,0.728379755,0.688727202,0.57194415
2020-03-18,2398.100098,-0.023114139,0.006192146,0.742006785,0.684615406,0.583896863
2020-03-19,2409.389893,0.002039777,0.036911589,0.717719555,0.665700428,0.581597158
2020-03-20,2304.919922,-0.019251243,-0.024458173,0.624548622,0.612852547,0.539495065
2020-03-23,2237.399902,-0.012912227,0.013029087,0.616650856,0.615879481,0.546226778
2020-03-24,2447.330078,0.038948933,0.03845938,0.558262836,0.616578831,0.554509862
2020-03-25,2475.560059,0.004980919,-0.043055879,0.576643512,0.664752274,0.60688155
2020-03-26,2630.070068,0.026293852,0.014189366,0.244596089,0.585119402,0.53236347
2020-03-27,2541.469971,-0.014882336,-0.010620871,0.328079088,0.60516088,0.545757773
2020-03-30,2626.649902,0.014317208,0.044583336,0.369718022,0.612487372,0.558858945
2020-03-31,2584.590088,-0.007010517,-0.00927575,0.413010923,0.574880245,0.543322927
2020-04-01,2470.5,-0.019606816,-0.012810777,0.361458638,0.566497865,0.544226375
2020-04-02,2526.899902,0.00980318,-0.015026776,0.453193458,0.531192495,0.552730431
2020-04-03,2488.649902,-0.006624233,-0.017447112,0.264754432,0.4797789,0.53765568
2020-04-06,2663.679932,0.029518233,0.029051496,0.47330489,0.328052497,0.535010025
2020-04-07,2659.409912,-0.000696756,0.012826407,0.520034867,0.405332849,0.564965466
2020-04-08,2749.97998,0.014544249,0.040633794,0.463105713,0.405603099,0.56297713
2020-04-09,2789.820068,0.006246662,0.003489677,0.494086637,0.441657528,0.55062787
2020-04-13,2761.629883,-0.004410721,-0.015693632,0.475451131,0.40321173,0.551190981
2020-04-14,2846.060059,0.013078587,-0.003684252,0.381464203,0.427306684,0.547458597
2020-04-15,2783.360107,-0.009674662,-0.020948675,0.427289273,0.336651087,0.545526228
2020-04-16,2799.550049,0.002518838,-0.022520603,0.445229417,0.472411547,0.556056727
2020-04-17,2874.560059,0.011483151,0.029761634,0.26051718,0.400155437,0.542877043
2020-04-20,2823.159912,-0.007835908,-0.016377363,0.285817685,0.368777611,0.540765026
2020-04-21,2736.560059,-0.013530495,-0.022897638,0.354464299,0.418613205,0.542516006
2020-04-22,2799.310059,0.009846021,0.054197547,0.402756651,0.43436162,0.546213812
2020-04-23,2797.800049,-0.000234331,0.035165927,0.253548095,0.310391588,0.502250971
2020-04-24,2836.73999,0.006002858,0.030047968,0.22541831,0.2921678,0.475261334
2020-04-27,2878.47998,0.006343682,-0.010775342,0.214846664,0.274723425,0.433066982
2020-04-28,2863.389893,-0.002282726,-0.01393905,0.22794508,0.211527782,0.39899186
2020-04-29,2939.51001,0.011394456,0.036318695,0.195220065,0.215873277,0.293549446
2020-04-30,2912.429932,-0.004019458,0.069774849,0.201767138,0.206206897,0.306180259
2020-05-26,2991.77002,0.005304597,0.020302053,0.004587045,0.118827383,0.237458517
2020-05-27,3036.129883,0.006392141,0.01094904,-0.031554664,0.114581647,0.247089628
2020-05-28,3029.72998,-0.000916422,0.008899276,-0.02765587,0.130896084,0.226204062
2020-05-29,3044.310059,0.002084958,0.03520921,-0.023871214,0.11024156,0.229967244
2020-06-01,3055.72998,0.001626093,-0.03327317,-0.005114585,0.125022532,0.181193913
2020-06-02,3080.820068,0.003551359,0.028386564,-0.02341106,0.091889894,0.196548354
2020-06-03,3122.870117,0.005887587,0.028150577,-0.046677444,0.073503598,0.188009441
2020-06-04,3112.350098,-0.001465479,0.014700872,0.037332786,0.017236365,0.175265825
2020-06-05,3193.929932,0.011236941,-0.013639261,0.031401945,-0.00392262,0.164200925
2020-06-08,3232.389893,0.005198356,-0.004894131,-0.029871099,-0.02325522,0.144500867
2020-06-09,3207.179932,-0.003400414,-0.02417246,-0.033942982,-0.03038131,0.120262053
2020-06-10,3190.139893,-0.002313598,0.019675355,0.029554386,0.003040289,0.135680972
2020-06-11,3002.100098,-0.026384559,0.020113124,-0.009674312,-0.015319386,0.123662153
2020-06-12,3041.310059,0.00563553,-0.008738571,-0.196214584,-0.062318847,0.084400163
2020-06-15,3066.590088,0.003595029,-0.019429814,-0.393423857,-0.066433771,0.079783184
2020-06-16,3124.73999,0.008158158,0.008522303,-0.431368877,-0.08376007,0.05674292
2020-06-17,3113.48999,-0.001566412,0.006814608,-0.303458777,-0.085121314,0.058140179
2020-06-18,3115.340088,0.00025799,-0.004480089,-0.281224694,-0.085006069,0.052761654
2020-06-19,3097.73999,-0.002460501,-0.023292885,-0.45491829,-0.109471973,0.060576687
2020-06-22,3117.860107,0.002811663,0.001211878,-0.386541148,-0.098979233,0.049794798
2020-06-23,3131.290039,0.001866671,0.015642459,0.100273124,-0.141869608,0.053628691
2020-06-24,3050.330078,-0.011376459,0.0249099,0.08240724,-0.209458899,0.042966705
2020-06-25,3083.76001,0.004733735,-0.022720883,-0.088460036,-0.258829751,0.020140528
2020-06-26,3009.050049,-0.010651161,0.061361435,-0.157886132,-0.228559597,-0.013482798
2020-06-29,3053.23999,0.006331531,-0.023652801,-0.158858039,-0.18640529,-0.067236097
2020-06-30,3100.290039,0.006641383,-0.025996961,-0.174469226,-0.223522418,-0.073626922
2020-07-01,3115.860107,0.002175626,-0.044118611,-0.213800601,-0.2349653,-0.0869556
2020-07-02,3130.01001,0.001967775,0.047626618,-0.172846844,-0.148219315,-0.076712203
2020-07-06,3179.719971,0.006843148,0.03220971,-0.132776121,-0.110969353,-0.073327798
2020-07-07,3145.320068,-0.004724029,-0.015071596,-0.086977751,-0.087695884,-0.081041609
2020-07-08,3169.939941,0.003386188,0.062865049,-0.070309448,-0.081066999,-0.074053955
2020-08-27,3484.550049,0.000725987,0.012434262,0.006700776,-0.052019832,-0.059988123
2020-08-28,3508.01001,0.002914117,0.013067424,0.017626107,-0.052504848,-0.061345318
2020-08-31,3500.310059,-0.000954308,-0.004344128,0.042483499,-0.062478089,-0.060227575
2020-09-01,3526.649902,0.003255833,0.02480628,0.092899378,-0.059106604,-0.063766487
2020-09-02,3580.840088,0.006622578,-0.029231324,0.110122522,-0.056315002,-0.063027941
2020-09-03,3455.060059,-0.015529326,-0.00220491,0.022046798,-0.05122087,-0.073806989
2020-09-04,3426.959961,-0.003546571,0.025840468,0.036801463,-0.03714564,-0.07755307
2020-09-08,3331.840088,-0.012224881,0.00613476,-0.036125249,-0.001926661,-0.079239485
2020-09-09,3398.959961,0.008661899,0.000564493,-0.049129036,0.012966986,-0.071591876
2020-09-10,3339.189941,-0.007704925,0.002879305,-0.090929728,0.029531632,-0.070928463
2020-09-11,3340.969971,0.000231449,0.018552853,-0.086148445,0.066663163,-0.077337482
2020-09-14,3383.540039,0.005498748,0.009614301,-0.142748863,0.065238515,-0.075641881
2020-09-15,3401.199951,0.002260844,-0.011198508,0.19975165,0.041613672,-0.054764868
2020-09-16,3385.48999,-0.00201063,0.033775407,-0.114290806,0.015879895,-0.052387225
2020-10-20,3443.120117,0.002048218,0.010589428,-0.067353871,-0.046267575,-0.050707223
2020-10-21,3435.560059,-0.000954629,0.046048252,-0.093801187,-0.0459748,-0.051004879
2020-10-22,3453.48999,0.002260657,0.002564997,-0.031982979,-0.03705445,-0.048981674
2020-10-23,3465.389893,0.001493903,0.013488152,-0.089908283,-0.043053393,-0.049727387
2020-10-26,3400.969971,-0.008149307,-0.018789647,-0.088513945,-0.056931858,-0.056055025
2020-10-27,3390.679932,-0.001316001,-0.006395357,0.030238282,0.063427674,-0.041863867
2020-10-28,3271.030029,-0.015602265,-0.031272633,0.057857474,0.018617401,-0.041537863
2020-10-29,3310.110107,0.005157909,0.03512384,0.186408023,0.129650929,-0.003618393
2020-10-30,3269.959961,-0.005300005,-0.043136336,0.195047586,0.141724897,0.010894834
2020-11-02,3310.23999,0.005317046,-0.023945082,0.216853084,0.132395519,0.049302826
2020-11-03,3369.159912,0.007662144,0.088247358,0.170861392,0.101610253,0.050549739
2020-11-04,3443.439941,0.009470888,0.049787057,0.125342261,0.100079114,0.07291709
2020-11-16,3626.909912,0.005029449,-0.01565547,0.131179494,0.112374764,0.09705538
2020-11-17,3609.530029,-0.002086109,0.009229992,0.118724081,0.106494658,0.091350502
2020-11-18,3567.790039,-0.005051371,0.007808512,0.075720792,0.113676213,0.086712768
2020-11-19,3581.870117,0.001710545,0.010048463,0.077454911,0.11355149,0.084571622
2020-11-20,3557.540039,-0.002960037,0.047291894,0.055575364,0.127362405,0.087024116
2020-11-23,3577.590088,0.002440782,0.002706586,0.067016716,0.109565873,0.076426199
2020-11-24,3635.409912,0.006962808,-0.00018155,0.0237804,0.10810129,0.074908315
2020-11-25,3629.649902,-0.00068865,-0.0021287,-0.139893421,0.094958063,0.071913689
2020-11-27,3638.350098,0.001039749,-0.011890821,-0.10501675,0.094630954,0.069982746